0.1,-31
0.1,-35
0.1,-37
0.1,-18
0.1,-23
0.1,-54
0.1,-31
0.1,-30
0.1,-32
0.1,-31
0.1,-37
0.1,-31
0.1,-30
0.1,-35
0.1,-31
0.1,-53
0.1,-31
0.1,-20
0.1,-25
0.1,-35
0.1,-31
0.1,-35
0.1,-31
0.1,-23
0.1,-52
0.1,-32
0.1,-36
0.1,-24
0.1,-36
0.1,-27
0.1,-37
0.1,-18
0.1,-24
0.1,-35
0.1,-32
0.1,-35
0.1,-18
0.1,-25
0.1,-36
0.1,-26
0.1,-42
0.1,-19
0.1,-24
0.1,-30
0.1,-31
0.1,-42
0.1,-23
0.1,-51
0.1,-32
0.1,-40
0.1,-31
0.1,-31
0.1,-37
0.1,-31
0.1,-23
0.1,-30
0.1,-31
0.1,-34
0.1,-25
0.1,-53
0.1,-26
0.1,-37
0.1,-24
0.1,-32
0.1,-24
0.1,-35
0.1,-27
0.1,-40
0.1,-18
0.1,-25
0.1,-32
0.1,-40
0.1,-31
0.1,-31
0.1,-35
0.1,-37
0.1,-31
0.1,-56
0.1,-27
0.1,-28
0.1,-26
0.1,-36
0.1,-31
0.1,-35
0.1,-20
0.1,-52
0.1,-36
0.1,-28
0.1,-31
0.1,-35
0.1,-25
0.1,-31
0.1,-30
0.1,-31
0.1,-36
0.1,-24
0.1,-48
0.1,-26
0.1,-31
0.1,-26
0.1,-36
0.1,-31
0.1,-19
0.1,-25
0.1,-35
0.1,-25
0.1,-35
0.1,-19
0.1,-23
0.1,-39
0.1,-19
0.1,-32
0.1,-27
0.1,-41
0.1,-31
0.1,-23
0.1,-31
0.1,-42
0.1,-31
0.1,-31
0.1,-32
0.1,-37
0.1,-28
0.1,-27
0.1,-35
0.1,-18
0.1,-23
0.1,-56
0.1,-31
0.1,-19
0.1,-35
0.1,-31
0.1,-37
0.1,-25
0.1,-54
0.1,-20
0.1,-45
0.1,-24
0.1,-31
0.1,-26
0.1,-19
0.1,-30
0.1,-31
0.1,-41
0.1,-31
0.1,-28
0.1,-31
0.1,-19
0.1,-31
0.1,-32
0.1,-17
0.1,-31
0.1,-31
0.1,-31
0.1,-57
0.1,-20
0.1,-36
0.1,-27
0.1,-31
0.1,-43
0.1,-57
0.1,-41
0.1,-31
0.1,-24
0.1,-31
0.1,-19
0.1,-56
0.1,-31
0.1,-31
0.1,-37
0.1,-31
0.1,-28
0.1,-31
0.1,-44
0.1,-59
0.1,-25
0.1,-18
0.1,-36
0.1,-32
0.1,-31
0.1,-24
0.1,-30
0.1,-31
0.1,-31
0.1,-31
0.1,-31
0.1,-31
0.1,-41
0.1,-35
0.1,-32
0.1,-31
0.1,-44
0.1,-23
0.1,-26
0.1,-18
0.1,-41
0.1,-26
0.1,-31
0.1,-31
0.1,-41
0.1,-28
0.1,-31
0.1,-43
0.1,-25
0.1,-18
0.1,-37
0.1,-24
0.1,-35
0.1,-28
0.1,-36
0.1,-31
0.1,-57
0.1,-17
0.1,-31
0.1,-31
0.1,-19
0.1,-35
0.1,-23
0.1,-19
0.1,-43
0.1,-35
0.1,-26
0.1,-18
0.1,-35
0.1,-24
0.1,-31
0.1,-44
0.1,-25
0.1,-32
0.1,-36
0.1,-25
0.1,-31
0.1,-36
0.1,-35
0.1,-17
0.1,-44
0.1,-26
0.1,-61
0.1,-27
0.1,-31
0.1,-36
0.1,-31
0.1,-31
0.1,-19
0.1,-35
0.1,-26
0.1,-59
0.1,-46
0.1,-24
0.1,-35
0.1,-27
0.1,-18
0.1,-41
0.1,-32
0.1,-31
0.1,-35
0.1,-25
0.1,-32
0.1,-26
0.1,-31
0.1,-44
0.1,-24
0.1,-35
0.1,-32
0.1,-19
0.1,-35
0.1,-31
0.1,-31
0.1,-26
0.1,-46
0.1,-24
0.1,-35
0.1,-31
0.1,-28
0.1,-59
0.1,-28
0.1,-35
0.1,-31
0.1,-46
0.1,-31
0.1,-30
0.1,-27
0.1,-31
0.1,-41
0.1,-31
0.1,-60
0.1,-26
0.1,-35
0.1,-32
0.1,-18
0.1,-24
0.1,-35
0.1,-28
0.1,-31
0.1,-43
0.1,-18
0.1,-32
0.1,-41
0.1,-31
0.1,-28
0.1,-28
0.1,-31
0.1,-31
0.1,-32
0.1,-18
0.1,-36
0.1,-23
0.1,-58
0.1,-31
0.1,-31
0.1,-41
0.1,-25
0.1,-35
0.1,-31
0.1,-31
0.1,-35
0.1,-32
0.1,-19
0.1,-23
0.1,-60
0.1,-29
0.1,-35
0.1,-32
0.1,-44
0.1,-24
0.1,-35
0.1,-26
0.1,-20
0.1,-41
0.1,-58
0.1,-31
0.1,-19
0.1,-44
0.1,-32
0.1,-31
0.1,-60
0.1,-26
0.1,-31
0.1,-28
0.1,-43
0.1,-25
0.1,-31
0.1,-31
0.1,-37
0.1,-31
0.1,-24
0.1,-35
0.1,-32
0.1,-31
0.1,-25
0.1,-55
0.1,-26
0.1,-36
0.1,-25
0.1,-31
0.1,-25
0.1,-31
0.1,-10
0.1,-23
0.1,-32
0.1,-27
0.1,-31
0.1,-31
0.1,-31
0.1,-32
0.1,-47
0.1,-35
0.1,-32
0.1,-37
0.1,-24
0.1,-55
0.1,-27
0.1,-41
0.1,-31
0.1,-31
0.1,-32
0.1,-47
0.1,-55
0.1,-22
0.1,-31
0.1,-31
0.1,-31
0.1,-36
0.1,-27
0.1,-24
0.1,-32
0.1,-27
0.1,-31
0.1,-40
0.1,-31
0.1,-27
0.1,-18
0.1,-23
0.1,-55
0.1,-26
0.1,-31
0.1,-42
0.1,-31
0.1,-40
0.1,-31
0.1,-35
0.1,-27
0.1,-18
0.1,-43
0.1,-54
0.1,-31
0.1,-19
0.1,-42
0.1,-25
0.1,-35
0.1,-25
0.1,-32
0.1,-26
0.1,-31
0.1,-42
0.1,-25
0.1,-35
0.1,-31
0.1,-43
0.1,-55
0.1,-25
0.1,-31
0.1,-27
0.1,-31
0.1,-29
0.1,-31
0.1,-35
0.1,-31
0.1,-24
0.1,-27
0.1,-18
0.1,-26
0.1,-26
0.1,-19
0.1,-31
0.1,-31
0.1,-17
0.1,-31
0.1,-31
0.1,-25
0.1,-54
0.1,-24
0.1,-31
0.1,-27
0.1,-43
0.1,-36
0.1,-26
0.1,-41
0.1,-18
0.1,-46
0.1,-23
0.1,-27
0.1,-31
0.1,-26
0.1,-35
0.1,-36
0.1,-44
0.1,-35
0.1,-54
0.1,-31
0.1,-45
0.1,-18
0.1,-27
0.1,-31
0.1,-26
0.1,-41
0.1,-45
0.1,-25
0.1,-27
0.1,-38
0.1,-32
0.1,-31
0.1,-41
0.1,-18
0.1,-31
0.1,-27
0.1,-28
0.1,-31
0.1,-31
0.1,-31
0.1,-37
0.1,-18
0.1,-55
0.1,-31
0.1,-46
0.1,-19
0.1,-25
0.1,-42
0.1,-56
0.1,-31
0.1,-31
0.1,-40
0.1,-35
0.1,-28
0.1,-43
0.1,-35
0.1,-31
0.1,-31
0.1,-42
0.1,-19
0.1,-56
0.1,-25
0.2,-40
0.2,-44
0.2,-43
0.2,-45
0.2,-36
0.2,-34
0.2,-35
0.2,-44
0.2,-43
0.2,-45
0.2,-42
0.2,-35
0.2,-43
0.2,-40
0.2,-42
0.2,-47
0.2,-35
0.2,-43
0.2,-43
0.2,-30
0.2,-42
0.2,-32
0.2,-36
0.2,-43
0.2,-30
0.2,-45
0.2,-30
0.2,-41
0.2,-38
0.2,-42
0.2,-35
0.2,-46
0.2,-42
0.2,-33
0.2,-36
0.2,-46
0.2,-44
0.2,-42
0.2,-35
0.2,-43
0.2,-42
0.2,-50
0.2,-43
0.2,-32
0.2,-41
0.2,-40
0.2,-39
0.2,-50
0.2,-44
0.2,-43
0.2,-41
0.2,-43
0.2,-30
0.2,-37
0.2,-43
0.2,-36
0.2,-49
0.2,-44
0.2,-42
0.2,-33
0.2,-41
0.2,-42
0.2,-34
0.2,-35
0.2,-43
0.2,-30
0.2,-43
0.2,-42
0.2,-43
0.2,-37
0.2,-45
0.2,-44
0.2,-44
0.2,-41
0.2,-39
0.2,-37
0.2,-46
0.2,-42
0.2,-44
0.2,-35
0.2,-30
0.2,-42
0.2,-30
0.2,-41
0.2,-36
0.2,-47
0.2,-38
0.2,-30
0.2,-42
0.2,-40
0.2,-31
0.2,-37
0.2,-37
0.2,-52
0.2,-43
0.2,-37
0.2,-41
0.2,-44
0.2,-34
0.2,-30
0.2,-43
0.2,-30
0.2,-43
0.2,-42
0.2,-43
0.2,-37
0.2,-56
0.2,-42
0.2,-30
0.2,-32
0.2,-44
0.2,-35
0.2,-30
0.2,-37
0.2,-38
0.2,-43
0.2,-33
0.2,-36
0.2,-63
0.2,-44
0.2,-31
0.2,-39
0.2,-36
0.2,-46
0.2,-43
0.2,-41
0.2,-69
0.2,-38
0.2,-29
0.2,-30
0.2,-38
0.2,-41
0.2,-35
0.2,-38
0.2,-37
0.2,-45
0.2,-43
0.2,-44
0.2,-44
0.2,-35
0.2,-35
0.2,-38
0.2,-38
0.2,-44
0.2,-43
0.2,-35
0.2,-43
0.2,-41
0.2,-38
0.2,-30
0.2,-43
0.2,-40
0.2,-42
0.2,-39
0.2,-38
0.2,-37
0.2,-37
0.2,-56
0.2,-30
0.2,-37
0.2,-38
0.2,-44
0.2,-42
0.2,-57
0.2,-37
0.2,-33
0.2,-36
0.2,-35
0.2,-41
0.2,-36
0.2,-43
0.2,-43
0.2,-41
0.2,-42
0.2,-36
0.2,-35
0.2,-44
0.2,-35
0.2,-38
0.2,-43
0.2,-46
0.2,-42
0.2,-41
0.2,-57
0.2,-35
0.2,-32
0.2,-36
0.2,-38
0.2,-43
0.2,-37
0.2,-63
0.2,-36
0.2,-43
0.2,-42
0.2,-30
0.2,-36
0.2,-42
0.2,-30
0.2,-43
0.2,-35
0.2,-43
0.2,-43
0.2,-38
0.2,-43
0.2,-40
0.2,-32
0.2,-30
0.2,-43
0.2,-35
0.2,-45
0.2,-42
0.2,-58
0.2,-42
0.2,-32
0.2,-43
0.2,-29
0.2,-42
0.2,-37
0.2,-44
0.2,-35
0.2,-43
0.2,-42
0.2,-36
0.2,-62
0.2,-30
0.2,-44
0.2,-35
0.2,-43
0.2,-43
0.2,-43
0.2,-32
0.2,-35
0.2,-37
0.2,-44
0.2,-43
0.2,-30
0.2,-43
0.2,-33
0.2,-41
0.2,-43
0.2,-30
0.2,-46
0.2,-32
0.2,-37
0.2,-39
0.2,-56
0.2,-43
0.2,-36
0.2,-30
0.2,-42
0.2,-36
0.2,-30
0.2,-37
0.2,-37
0.2,-42
0.2,-43
0.2,-37
0.2,-43
0.2,-42
0.2,-29
0.2,-35
0.2,-42
0.2,-32
0.2,-30
0.2,-44
0.2,-44
0.2,-33
0.2,-41
0.2,-44
0.2,-42
0.2,-38
0.2,-31
0.2,-30
0.2,-40
0.2,-39
0.2,-35
0.2,-41
0.2,-44
0.2,-30
0.2,-29
0.2,-37
0.2,-43
0.2,-36
0.2,-33
0.2,-41
0.2,-38
0.2,-43
0.2,-37
0.2,-30
0.2,-35
0.2,-43
0.2,-42
0.2,-43
0.2,-33
0.2,-30
0.2,-37
0.2,-30
0.2,-38
0.2,-42
0.2,-39
0.2,-30
0.2,-56
0.2,-37
0.2,-41
0.2,-42
0.2,-43
0.2,-42
0.2,-37
0.2,-35
0.2,-35
0.2,-42
0.2,-39
0.2,-43
0.2,-35
0.2,-43
0.2,-37
0.2,-30
0.2,-37
0.2,-39
0.2,-43
0.2,-35
0.2,-29
0.2,-56
0.2,-42
0.2,-41
0.2,-43
0.2,-46
0.2,-42
0.2,-32
0.2,-30
0.2,-41
0.2,-37
0.2,-38
0.2,-43
0.2,-42
0.2,-38
0.2,-45
0.2,-37
0.2,-43
0.2,-41
0.2,-30
0.2,-55
0.2,-37
0.2,-44
0.2,-43
0.2,-42
0.2,-33
0.2,-30
0.2,-43
0.2,-37
0.2,-41
0.2,-45
0.2,-30
0.2,-55
0.2,-42
0.2,-41
0.2,-45
0.2,-42
0.2,-37
0.2,-30
0.2,-55
0.2,-37
0.2,-38
0.2,-43
0.2,-42
0.2,-34
0.2,-37
0.2,-35
0.2,-30
0.2,-56
0.2,-43
0.2,-36
0.2,-39
0.2,-41
0.2,-43
0.2,-30
0.2,-43
0.2,-38
0.2,-32
0.2,-37
0.2,-35
0.2,-56
0.2,-43
0.2,-35
0.2,-41
0.2,-32
0.2,-30
0.2,-40
0.2,-37
0.2,-36
0.2,-38
0.2,-30
0.2,-44
0.2,-43
0.2,-41
0.2,-45
0.2,-44
0.2,-33
0.2,-42
0.2,-35
0.2,-45
0.2,-37
0.2,-36
0.2,-41
0.2,-35
0.2,-43
0.2,-37
0.2,-30
0.2,-42
0.2,-30
0.2,-54
0.2,-38
0.2,-41
0.2,-42
0.2,-42
0.2,-41
0.2,-42
0.2,-43
0.2,-41
0.2,-32
0.2,-36
0.2,-35
0.2,-55
0.2,-38
0.2,-36
0.2,-44
0.2,-37
0.2,-30
0.2,-56
0.2,-42
0.2,-43
0.2,-43
0.2,-43
0.2,-35
0.2,-36
0.2,-37
0.2,-43
0.2,-37
0.2,-43
0.2,-56
0.2,-38
0.2,-35
0.2,-36
0.2,-44
0.2,-42
0.2,-43
0.2,-35
0.2,-42
0.2,-38
0.2,-34
0.2,-39
0.2,-35
0.2,-38
0.2,-42
0.2,-42
0.2,-36
0.2,-37
0.2,-33
0.2,-30
0.2,-43
0.2,-35
0.2,-55
0.2,-37
0.2,-44
0.2,-31
0.2,-43
0.2,-42
0.2,-37
0.2,-36
0.2,-43
0.2,-37
0.2,-56
0.2,-37
0.2,-35
0.2,-30
0.2,-44
0.2,-42
0.2,-43
0.2,-41
0.2,-30
0.2,-37
0.2,-38
0.2,-32
0.2,-30
0.2,-43
0.2,-56
0.2,-38
0.2,-39
0.2,-35
0.2,-42
0.2,-39
0.2,-32
0.2,-36
0.2,-43
0.2,-56
0.2,-43
0.2,-30
0.2,-29
0.2,-43
0.2,-42
0.2,-37
0.2,-44
0.2,-30
0.2,-37
0.2,-43
0.3,-35
0.3,-46
0.3,-43
0.3,-44
0.3,-34
0.3,-47
0.3,-39
0.3,-37
0.3,-32
0.3,-35
0.3,-35
0.3,-46
0.3,-37
0.3,-35
0.3,-36
0.3,-46
0.3,-50
0.3,-31
0.3,-30
0.3,-49
0.3,-38
0.3,-35
0.3,-46
0.3,-38
0.3,-47
0.3,-50
0.3,-29
0.3,-31
0.3,-36
0.3,-50
0.3,-47
0.3,-38
0.3,-38
0.3,-33
0.3,-37
0.3,-39
0.3,-45
0.3,-33
0.3,-38
0.3,-47
0.3,-45
0.3,-54
0.3,-29
0.3,-35
0.3,-36
0.3,-37
0.3,-44
0.3,-36
0.3,-33
0.3,-37
0.3,-37
0.3,-31
0.3,-41
0.3,-47
0.3,-32
0.3,-37
0.3,-45
0.3,-49
0.3,-45
0.3,-33
0.3,-31
0.3,-36
0.3,-44
0.3,-34
0.3,-43
0.3,-44
0.3,-47
0.3,-42
0.3,-33
0.3,-35
0.3,-36
0.3,-49
0.3,-37
0.3,-29
0.3,-36
0.3,-42
0.3,-37
0.3,-44
0.3,-32
0.3,-38
0.3,-48
0.3,-45
0.3,-42
0.3,-31
0.3,-37
0.3,-33
0.3,-38
0.3,-48
0.3,-33
0.3,-42
0.3,-46
0.3,-37
0.3,-35
0.3,-37
0.3,-36
0.3,-37
0.3,-46
0.3,-33
0.3,-43
0.3,-44
0.3,-44
0.3,-35
0.3,-41
0.3,-47
0.3,-37
0.3,-31
0.3,-47
0.3,-46
0.3,-33
0.3,-30
0.3,-41
0.3,-46
0.3,-37
0.3,-34
0.3,-37
0.3,-41
0.3,-37
0.3,-30
0.3,-47
0.3,-44
0.3,-29
0.3,-36
0.3,-41
0.3,-32
0.3,-37
0.3,-37
0.3,-46
0.3,-33
0.3,-35
0.3,-42
0.3,-49
0.3,-44
0.3,-35
0.3,-37
0.3,-33
0.3,-36
0.3,-46
0.3,-34
0.3,-31
0.3,-49
0.3,-36
0.3,-44
0.3,-37
0.3,-43
0.3,-37
0.3,-44
0.3,-33
0.3,-35
0.3,-37
0.3,-44
0.3,-34
0.3,-31
0.3,-46
0.3,-41
0.3,-36
0.3,-37
0.3,-43
0.3,-36
0.3,-39
0.3,-34
0.3,-31
0.3,-46
0.3,-42
0.3,-37
0.3,-32
0.3,-42
0.3,-44
0.3,-46
0.3,-33
0.3,-47
0.3,-41
0.3,-42
0.3,-30
0.3,-32
0.3,-49
0.3,-48
0.3,-37
0.3,-44
0.3,-37
0.3,-36
0.3,-46
0.3,-33
0.3,-46
0.3,-41
0.3,-44
0.3,-37
0.3,-38
0.3,-49
0.3,-46
0.3,-33
0.3,-35
0.3,-36
0.3,-44
0.3,-29
0.3,-43
0.3,-36
0.3,-46
0.3,-37
0.3,-35
0.3,-37
0.3,-46
0.3,-34
0.3,-36
0.3,-44
0.3,-44
0.3,-43
0.3,-48
0.3,-41
0.3,-33
0.3,-35
0.3,-36
0.3,-42
0.3,-36
0.3,-33
0.3,-44
0.3,-36
0.3,-35
0.3,-45
0.3,-45
0.3,-42
0.3,-34
0.3,-32
0.3,-44
0.3,-41
0.3,-33
0.3,-38
0.3,-44
0.3,-36
0.3,-32
0.3,-36
0.3,-41
0.3,-36
0.3,-33
0.3,-32
0.3,-37
0.3,-45
0.3,-33
0.3,-46
0.3,-44
0.3,-42
0.3,-35
0.3,-32
0.3,-36
0.3,-44
0.3,-46
0.3,-37
0.3,-43
0.3,-46
0.3,-41
0.3,-37
0.3,-30
0.3,-36
0.3,-39
0.3,-36
0.3,-34
0.3,-43
0.3,-44
0.3,-36
0.3,-33
0.3,-46
0.3,-37
0.3,-34
0.3,-36
0.3,-37
0.3,-45
0.3,-36
0.3,-41
0.3,-34
0.3,-31
0.3,-36
0.3,-46
0.3,-36
0.3,-33
0.3,-42
0.3,-44
0.3,-44
0.3,-46
0.3,-33
0.3,-48
0.3,-41
0.3,-30
0.3,-44
0.3,-36
0.3,-37
0.3,-44
0.3,-44
0.3,-45
0.3,-30
0.3,-35
0.3,-36
0.3,-36
0.3,-37
0.3,-44
0.3,-45
0.3,-37
0.3,-39
0.3,-44
0.3,-36
0.3,-36
0.3,-34
0.3,-35
0.3,-37
0.3,-46
0.3,-45
0.3,-37
0.3,-37
0.3,-46
0.3,-39
0.3,-41
0.3,-35
0.3,-41
0.3,-48
0.3,-37
0.3,-36
0.3,-43
0.3,-46
0.3,-42
0.3,-38
0.3,-43
0.3,-49
0.3,-36
0.3,-37
0.3,-29
0.3,-31
0.3,-44
0.3,-45
0.3,-37
0.3,-38
0.3,-48
0.3,-45
0.3,-36
0.3,-29
0.3,-35
0.3,-42
0.3,-36
0.3,-33
0.3,-36
0.3,-44
0.3,-39
0.3,-45
0.3,-37
0.3,-35
0.3,-48
0.3,-36
0.3,-42
0.3,-36
0.3,-43
0.3,-41
0.3,-37
0.3,-48
0.3,-44
0.3,-45
0.3,-32
0.3,-37
0.3,-36
0.3,-41
0.3,-43
0.3,-46
0.3,-39
0.3,-48
0.3,-33
0.3,-31
0.3,-41
0.3,-42
0.3,-36
0.3,-44
0.3,-47
0.3,-37
0.3,-37
0.3,-38
0.3,-48
0.3,-44
0.3,-33
0.3,-36
0.3,-36
0.3,-44
0.3,-41
0.3,-37
0.3,-38
0.3,-48
0.3,-42
0.3,-45
0.3,-37
0.3,-35
0.3,-37
0.3,-36
0.3,-36
0.3,-32
0.3,-44
0.3,-37
0.3,-38
0.3,-48
0.3,-44
0.3,-36
0.3,-35
0.3,-46
0.3,-42
0.3,-37
0.3,-36
0.3,-47
0.3,-48
0.3,-37
0.3,-36
0.3,-36
0.3,-34
0.3,-36
0.3,-47
0.3,-42
0.3,-48
0.3,-37
0.3,-38
0.3,-42
0.3,-42
0.3,-33
0.3,-36
0.3,-46
0.3,-41
0.3,-34
0.3,-46
0.3,-36
0.3,-33
0.3,-31
0.3,-36
0.3,-46
0.3,-42
0.3,-29
0.3,-43
0.3,-45
0.3,-39
0.3,-45
0.3,-32
0.3,-35
0.3,-48
0.3,-36
0.3,-41
0.3,-41
0.3,-44
0.3,-41
0.3,-29
0.3,-48
0.3,-45
0.3,-33
0.3,-37
0.3,-37
0.3,-41
0.3,-34
0.3,-46
0.3,-42
0.3,-42
0.3,-37
0.3,-32
0.3,-49
0.3,-47
0.3,-33
0.3,-38
0.3,-36
0.3,-41
0.3,-44
0.3,-29
0.3,-35
0.3,-49
0.3,-46
0.3,-33
0.3,-41
0.3,-36
0.3,-44
0.3,-29
0.3,-47
0.3,-48
0.3,-36
0.3,-37
0.3,-32
0.3,-46
0.3,-41
0.3,-44
0.3,-33
0.3,-38
0.3,-42
0.3,-36
0.3,-34
0.3,-46
0.3,-47
0.3,-37
0.3,-36
0.3,-48
0.3,-37
0.3,-36
0.3,-33
0.3,-43
0.3,-36
0.3,-45
0.3,-46
0.3,-29
0.3,-35
0.3,-46
0.3,-41
0.3,-45
0.3,-32
0.3,-37
0.3,-36
0.4,-43
0.4,-41
0.4,-59
0.4,-43
0.4,-44
0.4,-47
0.4,-38
0.4,-39
0.4,-46
0.4,-60
0.4,-49
0.4,-38
0.4,-46
0.4,-44
0.4,-51
0.4,-43
0.4,-38
0.4,-48
0.4,-56
0.4,-49
0.4,-44
0.4,-31
0.4,-46
0.4,-38
0.4,-60
0.4,-46
0.4,-35
0.4,-49
0.4,-43
0.4,-50
0.4,-44
0.4,-44
0.4,-48
0.4,-42
0.4,-44
0.4,-46
0.4,-51
0.4,-34
0.4,-47
0.4,-55
0.4,-47
0.4,-31
0.4,-31
0.4,-46
0.4,-57
0.4,-35
0.4,-43
0.4,-47
0.4,-43
0.4,-47
0.4,-37
0.4,-35
0.4,-43
0.4,-49
0.4,-33
0.4,-48
0.4,-54
0.4,-43
0.4,-43
0.4,-35
0.4,-48
0.4,-43
0.4,-60
0.4,-38
0.4,-46
0.4,-37
0.4,-48
0.4,-30
0.4,-49
0.4,-39
0.4,-44
0.4,-37
0.4,-43
0.4,-56
0.4,-46
0.4,-35
0.4,-43
0.4,-43
0.4,-37
0.4,-33
0.4,-45
0.4,-58
0.4,-47
0.4,-45
0.4,-30
0.4,-47
0.4,-42
0.4,-43
0.4,-44
0.4,-38
0.4,-39
0.4,-48
0.4,-35
0.4,-56
0.4,-49
0.4,-43
0.4,-32
0.4,-43
0.4,-45
0.4,-55
0.4,-35
0.4,-45
0.4,-56
0.4,-44
0.4,-46
0.4,-44
0.4,-43
0.4,-34
0.4,-45
0.4,-44
0.4,-39
0.4,-43
0.4,-57
0.4,-49
0.4,-43
0.4,-34
0.4,-43
0.4,-46
0.4,-54
0.4,-42
0.4,-30
0.4,-57
0.4,-41
0.4,-48
0.4,-45
0.4,-43
0.4,-46
0.4,-43
0.4,-43
0.4,-38
0.4,-43
0.4,-46
0.4,-36
0.4,-58
0.4,-49
0.4,-45
0.4,-35
0.4,-46
0.4,-43
0.4,-54
0.4,-42
0.4,-37
0.4,-57
0.4,-42
0.4,-46
0.4,-48
0.4,-34
0.4,-35
0.4,-38
0.4,-54
0.4,-45
0.4,-33
0.4,-57
0.4,-49
0.4,-43
0.4,-46
0.4,-29
0.4,-46
0.4,-54
0.4,-45
0.4,-38
0.4,-45
0.4,-48
0.4,-31
0.4,-46
0.4,-45
0.4,-38
0.4,-32
0.4,-39
0.4,-53
0.4,-47
0.4,-56
0.4,-39
0.4,-49
0.4,-47
0.4,-45
0.4,-46
0.4,-31
0.4,-43
0.4,-43
0.4,-43
0.4,-38
0.4,-33
0.4,-39
0.4,-48
0.4,-46
0.4,-56
0.4,-35
0.4,-50
0.4,-43
0.4,-43
0.4,-34
0.4,-43
0.4,-54
0.4,-47
0.4,-55
0.4,-30
0.4,-49
0.4,-45
0.4,-43
0.4,-37
0.4,-45
0.4,-54
0.4,-42
0.4,-41
0.4,-45
0.4,-36
0.4,-43
0.4,-45
0.4,-42
0.4,-44
0.4,-39
0.4,-43
0.4,-54
0.4,-48
0.4,-57
0.4,-30
0.4,-48
0.4,-48
0.4,-33
0.4,-46
0.4,-54
0.4,-38
0.4,-35
0.4,-38
0.4,-45
0.4,-56
0.4,-36
0.4,-43
0.4,-43
0.4,-46
0.4,-34
0.4,-38
0.4,-54
0.4,-43
0.4,-35
0.4,-49
0.4,-45
0.4,-45
0.4,-57
0.4,-42
0.4,-33
0.4,-49
0.4,-49
0.4,-30
0.4,-45
0.4,-43
0.4,-46
0.4,-57
0.4,-54
0.4,-38
0.4,-42
0.4,-43
0.4,-35
0.4,-46
0.4,-43
0.4,-48
0.4,-31
0.4,-40
0.4,-43
0.4,-46
0.4,-54
0.4,-49
0.4,-32
0.4,-48
0.4,-45
0.4,-56
0.4,-33
0.4,-40
0.4,-44
0.4,-42
0.4,-35
0.4,-43
0.4,-36
0.4,-40
0.4,-39
0.4,-44
0.4,-33
0.4,-54
0.4,-49
0.4,-43
0.4,-48
0.4,-35
0.4,-48
0.4,-58
0.4,-33
0.4,-43
0.4,-48
0.4,-35
0.4,-54
0.4,-43
0.4,-56
0.4,-45
0.4,-32
0.4,-43
0.4,-44
0.4,-45
0.4,-48
0.4,-38
0.4,-47
0.4,-31
0.4,-47
0.4,-43
0.4,-58
0.4,-45
0.4,-34
0.4,-46
0.4,-39
0.4,-44
0.4,-48
0.4,-31
0.4,-43
0.4,-56
0.4,-31
0.4,-43
0.4,-41
0.4,-48
0.4,-54
0.4,-47
0.4,-38
0.4,-45
0.4,-48
0.4,-43
0.4,-57
0.4,-48
0.4,-34
0.4,-46
0.4,-41
0.4,-43
0.4,-45
0.4,-8
0.4,-54
0.4,-49
0.4,-43
0.4,-45
0.4,-36
0.4,-43
0.4,-43
0.4,-57
0.4,-48
0.4,-33
0.4,-53
0.4,-49
0.4,-43
0.4,-35
0.4,-46
0.4,-46
0.4,-52
0.4,-43
0.4,-36
0.4,-43
0.4,-38
0.4,-43
0.4,-54
0.4,-47
0.4,-44
0.4,-42
0.4,-37
0.4,-45
0.4,-46
0.4,-55
0.4,-48
0.4,-46
0.4,-41
0.4,-38
0.4,-45
0.4,-35
0.4,-45
0.4,-58
0.4,-43
0.4,-36
0.4,-46
0.4,-38
0.4,-47
0.4,-48
0.4,-34
0.4,-54
0.4,-49
0.4,-43
0.4,-48
0.4,-31
0.4,-45
0.4,-45
0.4,-45
0.4,-34
0.4,-45
0.4,-43
0.4,-35
0.4,-49
0.4,-57
0.4,-34
0.4,-46
0.4,-38
0.4,-47
0.4,-30
0.4,-54
0.4,-48
0.4,-38
0.4,-36
0.4,-48
0.4,-47
0.4,-43
0.4,-33
0.4,-43
0.4,-44
0.4,-45
0.4,-48
0.4,-30
0.4,-54
0.4,-43
0.4,-38
0.4,-49
0.4,-47
0.4,-43
0.4,-42
0.4,-30
0.4,-38
0.4,-48
0.4,-32
0.4,-45
0.4,-56
0.4,-34
0.4,-46
0.4,-39
0.4,-43
0.4,-48
0.4,-54
0.4,-49
0.4,-44
0.4,-46
0.4,-33
0.4,-48
0.4,-45
0.4,-55
0.4,-39
0.4,-30
0.4,-43
0.4,-46
0.4,-44
0.4,-48
0.4,-36
0.4,-46
0.4,-56
0.4,-45
0.4,-34
0.4,-45
0.4,-43
0.4,-44
0.4,-49
0.4,-35
0.4,-54
0.4,-43
0.4,-48
0.4,-46
0.4,-43
0.4,-45
0.4,-43
0.4,-39
0.4,-38
0.4,-46
0.4,-35
0.4,-58
0.4,-38
0.4,-48
0.4,-41
0.4,-40
0.4,-30
0.4,-54
0.4,-50
0.4,-38
0.4,-48
0.4,-32
0.4,-47
0.4,-44
0.4,-45
0.4,-38
0.4,-41
0.4,-43
0.4,-38
0.4,-48
0.4,-53
0.4,-48
0.4,-55
0.4,-39
0.4,-32
0.4,-45
0.4,-46
0.4,-47
0.4,-46
0.4,-55
0.4,-43
0.4,-38
0.4,-31
0.4,-47
0.4,-48
0.4,-44
0.4,-39
0.4,-32
0.4,-41
0.4,-38
0.4,-47
0.4,-33
0.5,-34
0.5,-53
0.5,-38
0.5,-52
0.5,-36
0.5,-46
0.5,-47
0.5,-52
0.5,-50
0.5,-44
0.5,-52
0.5,-50
0.5,-46
0.5,-50
0.5,-53
0.5,-55
0.5,-39
0.5,-40
0.5,-51
0.5,-34
0.5,-47
0.5,-42
0.5,-52
0.5,-41
0.5,-46
0.5,-38
0.5,-53
0.5,-57
0.5,-38
0.5,-36
0.5,-54
0.5,-36
0.5,-50
0.5,-42
0.5,-50
0.5,-54
0.5,-57
0.5,-47
0.5,-36
0.5,-49
0.5,-50
0.5,-44
0.5,-36
0.5,-51
0.5,-53
0.5,-57
0.5,-48
0.5,-59
0.5,-43
0.5,-36
0.5,-49
0.5,-36
0.5,-50
0.5,-47
0.5,-42
0.5,-53
0.5,-61
0.5,-47
0.5,-40
0.5,-40
0.5,-65
0.5,-38
0.5,-37
0.5,-54
0.5,-36
0.5,-52
0.5,-49
0.5,-37
0.5,-53
0.5,-54
0.5,-46
0.5,-41
0.5,-50
0.5,-35
0.5,-53
0.5,-37
0.5,-54
0.5,-54
0.5,-63
0.5,-53
0.5,-35
0.5,-64
0.5,-39
0.5,-41
0.5,-49
0.5,-53
0.5,-50
0.5,-38
0.5,-54
0.5,-62
0.5,-44
0.5,-72
0.5,-48
0.5,-41
0.5,-53
0.5,-54
0.5,-62
0.5,-48
0.5,-38
0.5,-51
0.5,-71
0.5,-39
0.5,-36
0.5,-49
0.5,-51
0.5,-54
0.5,-43
0.5,-49
0.5,-34
0.5,-51
0.5,-47
0.5,-36
0.5,-53
0.5,-42
0.5,-63
0.5,-38
0.5,-49
0.5,-54
0.5,-71
0.5,-35
0.5,-36
0.5,-48
0.5,-38
0.5,-54
0.5,-39
0.5,-35
0.5,-49
0.5,-40
0.5,-50
0.5,-47
0.5,-41
0.5,-53
0.5,-54
0.5,-46
0.5,-49
0.5,-34
0.5,-71
0.5,-43
0.5,-36
0.5,-54
0.5,-36
0.5,-50
0.5,-43
0.5,-52
0.5,-55
0.5,-47
0.5,-35
0.5,-54
0.5,-35
0.5,-50
0.5,-43
0.5,-43
0.5,-52
0.5,-41
0.5,-61
0.5,-49
0.5,-35
0.5,-54
0.5,-54
0.5,-70
0.5,-38
0.5,-35
0.5,-53
0.5,-34
0.5,-46
0.5,-43
0.5,-49
0.5,-54
0.5,-63
0.5,-48
0.5,-40
0.5,-53
0.5,-34
0.5,-70
0.5,-43
0.5,-35
0.5,-41
0.5,-48
0.5,-50
0.5,-35
0.5,-63
0.5,-45
0.5,-53
0.5,-41
0.5,-50
0.5,-38
0.5,-50
0.5,-54
0.5,-64
0.5,-41
0.5,-53
0.5,-41
0.5,-64
0.5,-48
0.5,-41
0.5,-52
0.5,-41
0.5,-48
0.5,-38
0.5,-39
0.5,-47
0.5,-34
0.5,-62
0.5,-49
0.5,-41
0.5,-54
0.5,-41
0.5,-69
0.5,-38
0.5,-38
0.5,-54
0.5,-51
0.5,-49
0.5,-41
0.5,-34
0.5,-63
0.5,-47
0.5,-41
0.5,-54
0.5,-70
0.5,-38
0.5,-51
0.5,-51
0.5,-34
0.5,-47
0.5,-40
0.5,-54
0.5,-71
0.5,-41
0.5,-36
0.5,-53
0.5,-50
0.5,-40
0.5,-43
0.5,-49
0.5,-63
0.5,-54
0.5,-70
0.5,-54
0.5,-43
0.5,-41
0.5,-40
0.5,-38
0.5,-50
0.5,-70
0.5,-41
0.5,-44
0.5,-53
0.5,-35
0.5,-49
0.5,-36
0.5,-50
0.5,-63
0.5,-36
0.5,-47
0.5,-53
0.5,-72
0.5,-54
0.5,-41
0.5,-51
0.5,-34
0.5,-49
0.5,-38
0.5,-49
0.5,-63
0.5,-41
0.5,-40
0.5,-52
0.5,-70
0.5,-35
0.5,-50
0.5,-63
0.5,-46
0.5,-38
0.5,-54
0.5,-71
0.5,-54
0.5,-39
0.5,-52
0.5,-50
0.5,-35
0.5,-48
0.5,-50
0.5,-63
0.5,-43
0.5,-35
0.5,-53
0.5,-72
0.5,-36
0.5,-53
0.5,-49
0.5,-41
0.5,-54
0.5,-71
0.5,-54
0.5,-44
0.5,-41
0.5,-52
0.5,-51
0.5,-41
0.5,-49
0.5,-64
0.5,-43
0.5,-53
0.5,-72
0.5,-54
0.5,-44
0.5,-35
0.5,-47
0.5,-35
0.5,-48
0.5,-43
0.5,-53
0.5,-64
0.5,-36
0.5,-35
0.5,-71
0.5,-54
0.5,-50
0.5,-36
0.5,-47
0.5,-40
0.5,-53
0.5,-63
0.5,-54
0.5,-43
0.5,-35
0.5,-49
0.5,-34
0.5,-47
0.5,-36
0.5,-43
0.5,-40
0.5,-52
0.5,-71
0.5,-54
0.5,-48
0.5,-50
0.5,-48
0.5,-35
0.5,-47
0.5,-35
0.5,-64
0.5,-36
0.5,-50
0.5,-71
0.5,-54
0.5,-47
0.5,-43
0.5,-53
0.5,-50
0.5,-36
0.5,-39
0.5,-36
0.5,-53
0.5,-73
0.5,-54
0.5,-49
0.5,-47
0.5,-35
0.5,-46
0.5,-38
0.5,-64
0.5,-36
0.5,-36
0.5,-73
0.5,-47
0.5,-39
0.5,-48
0.5,-43
0.5,-35
0.5,-52
0.5,-71
0.5,-53
0.5,-46
0.5,-35
0.5,-50
0.5,-51
0.5,-41
0.5,-48
0.5,-43
0.5,-53
0.5,-63
0.5,-41
0.5,-71
0.5,-48
0.5,-43
0.5,-53
0.5,-41
0.5,-47
0.5,-35
0.5,-52
0.5,-71
0.5,-54
0.5,-49
0.5,-41
0.5,-50
0.5,-35
0.5,-53
0.5,-64
0.5,-41
0.5,-38
0.5,-40
0.5,-49
0.5,-71
0.5,-54
0.5,-49
0.5,-43
0.5,-53
0.5,-51
0.5,-34
0.5,-48
0.5,-53
0.5,-64
0.5,-36
0.5,-35
0.5,-50
0.5,-48
0.5,-38
0.5,-53
0.5,-63
0.5,-35
0.5,-43
0.5,-36
0.5,-70
0.5,-54
0.5,-36
0.5,-34
0.5,-48
0.5,-38
0.5,-52
0.5,-49
0.5,-53
0.5,-35
0.5,-63
0.5,-43
0.5,-35
0.5,-52
0.5,-47
0.5,-41
0.5,-49
0.5,-63
0.5,-34
0.5,-48
0.5,-43
0.5,-54
0.5,-72
0.5,-44
0.5,-46
0.5,-44
0.5,-53
0.5,-63
0.5,-36
0.5,-47
0.5,-52
0.5,-71
0.5,-43
0.5,-35
0.5,-48
0.5,-63
0.5,-52
0.5,-72
0.5,-54
0.5,-39
0.5,-41
0.5,-40
0.5,-49
0.5,-54
0.5,-70
0.5,-36
0.5,-38
0.5,-52
0.5,-50
0.5,-35
0.5,-38
0.5,-50
0.5,-64
0.5,-42
0.5,-35
0.5,-54
0.5,-71
0.5,-43
0.5,-35
0.5,-52
0.5,-64
0.5,-35
0.5,-48
0.5,-43
0.5,-50
0.5,-71
0.5,-48
0.5,-36
0.5,-54
0.5,-50
0.5,-38
0.5,-53
0.5,-36
0.5,-35
0.5,-49
0.5,-47
0.5,-50
0.5,-54
0.6,-46
0.6,-69
0.6,-55
0.6,-47
0.6,-44
0.6,-47
0.6,-59
0.6,-51
0.6,-46
0.6,-52
0.6,-56
0.6,-54
0.6,-17
0.6,-48
0.6,-63
0.6,-51
0.6,-53
0.6,-48
0.6,-54
0.6,-60
0.6,-49
0.6,-48
0.6,-51
0.6,-51
0.6,-52
0.6,-40
0.6,-47
0.6,-47
0.6,-58
0.6,-56
0.6,-54
0.6,-46
0.6,-66
0.6,-51
0.6,-52
0.6,-47
0.6,-56
0.6,-49
0.6,-62
0.6,-52
0.6,-47
0.6,-50
0.6,-60
0.6,-57
0.6,-51
0.6,-46
0.6,-70
0.6,-41
0.6,-47
0.6,-52
0.6,-61
0.6,-56
0.6,-46
0.6,-71
0.6,-52
0.6,-51
0.6,-55
0.6,-49
0.6,-46
0.6,-49
0.6,-60
0.6,-54
0.6,-54
0.6,-46
0.6,-59
0.6,-53
0.6,-45
0.6,-48
0.6,-51
0.6,-55
0.6,-52
0.6,-46
0.6,-56
0.6,-53
0.6,-46
0.6,-65
0.6,-54
0.6,-45
0.6,-50
0.6,-53
0.6,-47
0.6,-42
0.6,-50
0.6,-44
0.6,-48
0.6,-52
0.6,-51
0.6,-50
0.6,-50
0.6,-48
0.6,-54
0.6,-47
0.6,-43
0.6,-65
0.6,-48
0.6,-47
0.6,-47
0.6,-50
0.6,-55
0.6,-46
0.6,-61
0.6,-51
0.6,-46
0.6,-44
0.6,-51
0.6,-49
0.6,-45
0.6,-52
0.6,-54
0.6,-47
0.6,-49
0.6,-50
0.6,-46
0.6,-43
0.6,-48
0.6,-56
0.6,-51
0.6,-50
0.6,-44
0.6,-61
0.6,-53
0.6,-46
0.6,-50
0.6,-49
0.6,-49
0.6,-47
0.6,-53
0.6,-55
0.6,-47
0.6,-53
0.6,-50
0.6,-54
0.6,-47
0.6,-58
0.6,-57
0.6,-44
0.6,-54
0.6,-51
0.6,-56
0.6,-44
0.6,-54
0.6,-52
0.6,-50
0.6,-52
0.6,-44
0.6,-57
0.6,-45
0.6,-50
0.6,-51
0.6,-51
0.6,-47
0.6,-53
0.6,-51
0.6,-46
0.6,-49
0.6,-50
0.6,-47
0.6,-44
0.6,-50
0.6,-54
0.6,-53
0.6,-50
0.6,-53
0.6,-64
0.6,-52
0.6,-51
0.6,-47
0.6,-47
0.6,-51
0.6,-47
0.6,-51
0.6,-46
0.6,-55
0.6,-50
0.6,-52
0.6,-55
0.6,-51
0.6,-51
0.6,-59
0.6,-54
0.6,-56
0.6,-47
0.6,-46
0.6,-52
0.6,-51
0.6,-47
0.6,-55
0.6,-53
0.6,-51
0.6,-47
0.6,-48
0.6,-50
0.6,-45
0.6,-45
0.6,-56
0.6,-53
0.6,-50
0.6,-51
0.6,-53
0.6,-53
0.6,-45
0.6,-47
0.6,-50
0.6,-49
0.6,-47
0.6,-52
0.6,-53
0.6,-57
0.6,-48
0.6,-46
0.6,-58
0.6,-53
0.6,-47
0.6,-47
0.6,-43
0.6,-50
0.6,-51
0.6,-50
0.6,-51
0.6,-53
0.6,-58
0.6,-48
0.6,-43
0.6,-62
0.6,-48
0.6,-45
0.6,-51
0.6,-51
0.6,-48
0.6,-51
0.6,-49
0.6,-53
0.6,-56
0.6,-47
0.6,-47
0.6,-65
0.6,-52
0.6,-50
0.6,-49
0.6,-59
0.6,-47
0.6,-56
0.6,-48
0.6,-43
0.6,-48
0.6,-51
0.6,-51
0.6,-54
0.6,-49
0.6,-43
0.6,-59
0.6,-53
0.6,-46
0.6,-50
0.6,-50
0.6,-50
0.6,-48
0.6,-58
0.6,-53
0.6,-48
0.6,-47
0.6,-44
0.6,-64
0.6,-53
0.6,-48
0.6,-44
0.6,-47
0.6,-51
0.6,-52
0.6,-55
0.6,-48
0.6,-65
0.6,-53
0.6,-48
0.6,-50
0.6,-51
0.6,-50
0.6,-49
0.6,-49
0.6,-48
0.6,-58
0.6,-53
0.6,-55
0.6,-47
0.6,-64
0.6,-52
0.6,-49
0.6,-47
0.6,-49
0.6,-53
0.6,-55
0.6,-49
0.6,-46
0.6,-64
0.6,-52
0.6,-48
0.6,-50
0.6,-50
0.6,-51
0.6,-50
0.6,-47
0.6,-58
0.6,-54
0.6,-54
0.6,-51
0.6,-46
0.6,-63
0.6,-48
0.6,-43
0.6,-51
0.6,-51
0.6,-52
0.6,-50
0.6,-60
0.6,-53
0.6,-45
0.6,-53
0.6,-47
0.6,-44
0.6,-49
0.6,-54
0.6,-54
0.6,-50
0.6,-43
0.6,-65
0.6,-48
0.6,-46
0.6,-48
0.6,-51
0.6,-51
0.6,-50
0.6,-49
0.6,-49
0.6,-60
0.6,-54
0.6,-55
0.6,-45
0.6,-50
0.6,-64
0.6,-52
0.6,-48
0.6,-46
0.6,-48
0.6,-52
0.6,-48
0.6,-64
0.6,-52
0.6,-45
0.6,-51
0.6,-50
0.6,-51
0.6,-50
0.6,-50
0.6,-53
0.6,-55
0.6,-48
0.6,-52
0.6,-48
0.6,-46
0.6,-59
0.6,-53
0.6,-54
0.6,-49
0.6,-47
0.6,-65
0.6,-53
0.6,-48
0.6,-43
0.6,-51
0.6,-52
0.6,-49
0.6,-50
0.6,-46
0.6,-59
0.6,-54
0.6,-48
0.6,-49
0.6,-53
0.6,-47
0.6,-46
0.6,-52
0.6,-47
0.6,-46
0.6,-54
0.6,-48
0.6,-43
0.6,-64
0.6,-53
0.6,-47
0.6,-51
0.6,-49
0.6,-52
0.6,-53
0.6,-49
0.6,-64
0.6,-52
0.6,-47
0.6,-46
0.6,-50
0.6,-47
0.6,-49
0.6,-50
0.6,-46
0.6,-58
0.6,-53
0.6,-55
0.6,-44
0.6,-49
0.6,-64
0.6,-53
0.6,-48
0.6,-44
0.6,-60
0.6,-52
0.6,-53
0.6,-48
0.6,-47
0.6,-64
0.6,-54
0.6,-47
0.6,-44
0.6,-51
0.6,-51
0.6,-44
0.6,-51
0.6,-54
0.6,-47
0.6,-64
0.6,-47
0.6,-46
0.6,-44
0.6,-51
0.6,-44
0.6,-47
0.6,-50
0.6,-47
0.6,-54
0.6,-55
0.6,-48
0.6,-51
0.6,-49
0.6,-52
0.6,-47
0.6,-50
0.6,-59
0.6,-50
0.6,-52
0.6,-53
0.6,-47
0.6,-64
0.6,-48
0.6,-53
0.6,-47
0.6,-46
0.6,-51
0.6,-46
0.6,-49
0.6,-59
0.6,-53
0.6,-53
0.6,-46
0.6,-63
0.6,-47
0.6,-52
0.6,-49
0.6,-49
0.6,-53
0.6,-64
0.6,-48
0.6,-53
0.6,-47
0.6,-46
0.6,-50
0.6,-46
0.6,-52
0.6,-50
0.6,-50
0.6,-58
0.6,-49
0.6,-52
0.6,-54
0.6,-47
0.6,-64
0.6,-48
0.6,-53
0.6,-47
0.6,-45
0.6,-51
0.6,-54
0.6,-47
0.6,-63
0.6,-49
0.6,-52
0.6,-47
0.6,-46
0.6,-50
0.6,-46
0.6,-52
0.6,-49
0.6,-58
0.6,-49
0.6,-53
0.6,-53
0.7,-39
0.7,-44
0.7,-35
0.7,-54
0.7,-50
0.7,-41
0.7,-34
0.7,-52
0.7,-53
0.7,-40
0.7,-49
0.7,-49
0.7,-36
0.7,-45
0.7,-35
0.7,-55
0.7,-36
0.7,-50
0.7,-48
0.7,-58
0.7,-40
0.7,-31
0.7,-42
0.7,-52
0.7,-53
0.7,-41
0.7,-35
0.7,-50
0.7,-50
0.7,-40
0.7,-38
0.7,-49
0.7,-64
0.7,-34
0.7,-35
0.7,-50
0.7,-46
0.7,-53
0.7,-39
0.7,-44
0.7,-51
0.7,-59
0.7,-39
0.7,-52
0.7,-36
0.7,-35
0.7,-38
0.7,-48
0.7,-57
0.7,-38
0.7,-39
0.7,-53
0.7,-30
0.7,-49
0.7,-50
0.7,-57
0.7,-36
0.7,-39
0.7,-38
0.7,-53
0.7,-61
0.7,-40
0.7,-30
0.7,-50
0.7,-53
0.7,-35
0.7,-48
0.7,-56
0.7,-39
0.7,-38
0.7,-51
0.7,-52
0.7,-40
0.7,-31
0.7,-51
0.7,-55
0.7,-39
0.7,-38
0.7,-48
0.7,-61
0.7,-34
0.7,-35
0.7,-36
0.7,-50
0.7,-52
0.7,-36
0.7,-39
0.7,-61
0.7,-36
0.7,-35
0.7,-44
0.7,-49
0.7,-53
0.7,-35
0.7,-49
0.7,-52
0.7,-55
0.7,-35
0.7,-35
0.7,-42
0.7,-41
0.7,-49
0.7,-53
0.7,-39
0.7,-40
0.7,-52
0.7,-64
0.7,-35
0.7,-30
0.7,-36
0.7,-50
0.7,-42
0.7,-55
0.7,-47
0.7,-51
0.7,-34
0.7,-69
0.7,-52
0.7,-35
0.7,-54
0.7,-47
0.7,-37
0.7,-55
0.7,-50
0.7,-40
0.7,-52
0.7,-34
0.7,-44
0.7,-51
0.7,-42
0.7,-42
0.7,-50
0.7,-39
0.7,-54
0.7,-51
0.7,-51
0.7,-35
0.7,-55
0.7,-45
0.7,-35
0.7,-55
0.7,-48
0.7,-40
0.7,-67
0.7,-35
0.7,-40
0.7,-35
0.7,-54
0.7,-36
0.7,-42
0.7,-31
0.7,-49
0.7,-55
0.7,-50
0.7,-51
0.7,-66
0.7,-36
0.7,-30
0.7,-54
0.7,-34
0.7,-31
0.7,-50
0.7,-47
0.7,-65
0.7,-40
0.7,-39
0.7,-52
0.7,-53
0.7,-36
0.7,-31
0.7,-41
0.7,-48
0.7,-40
0.7,-34
0.7,-50
0.7,-65
0.7,-37
0.7,-30
0.7,-37
0.7,-51
0.7,-53
0.7,-35
0.7,-31
0.7,-50
0.7,-65
0.7,-40
0.7,-39
0.7,-39
0.7,-50
0.7,-53
0.7,-37
0.7,-31
0.7,-36
0.7,-49
0.7,-55
0.7,-35
0.7,-35
0.7,-38
0.7,-50
0.7,-67
0.7,-39
0.7,-36
0.7,-52
0.7,-42
0.7,-56
0.7,-35
0.7,-48
0.7,-48
0.7,-40
0.7,-34
0.7,-51
0.7,-37
0.7,-35
0.7,-47
0.7,-52
0.7,-55
0.7,-44
0.7,-49
0.7,-35
0.7,-40
0.7,-37
0.7,-36
0.7,-34
0.7,-30
0.7,-53
0.7,-56
0.7,-39
0.7,-42
0.7,-35
0.7,-52
0.7,-55
0.7,-31
0.7,-49
0.7,-43
0.7,-66
0.7,-39
0.7,-41
0.7,-51
0.7,-54
0.7,-34
0.7,-65
0.7,-39
0.7,-42
0.7,-53
0.7,-35
0.7,-34
0.7,-54
0.7,-49
0.7,-43
0.7,-68
0.7,-40
0.7,-53
0.7,-30
0.7,-54
0.7,-34
0.7,-51
0.7,-40
0.7,-49
0.7,-53
0.7,-36
0.7,-55
0.7,-31
0.7,-66
0.7,-40
0.7,-40
0.7,-36
0.7,-52
0.7,-36
0.7,-32
0.7,-49
0.7,-48
0.7,-40
0.7,-35
0.7,-43
0.7,-31
0.7,-53
0.7,-42
0.7,-53
0.7,-31
0.7,-44
0.7,-39
0.7,-69
0.7,-40
0.7,-37
0.7,-52
0.7,-42
0.7,-50
0.7,-48
0.7,-34
0.7,-55
0.7,-44
0.7,-52
0.7,-35
0.7,-68
0.7,-32
0.7,-50
0.7,-43
0.7,-52
0.7,-35
0.7,-43
0.7,-48
0.7,-34
0.7,-36
0.7,-51
0.7,-35
0.7,-31
0.7,-47
0.7,-42
0.7,-44
0.7,-35
0.7,-32
0.7,-53
0.7,-38
0.7,-52
0.7,-48
0.7,-40
0.7,-54
0.7,-41
0.7,-40
0.7,-35
0.7,-49
0.7,-39
0.7,-54
0.7,-36
0.7,-52
0.7,-40
0.7,-67
0.7,-34
0.7,-48
0.7,-42
0.7,-54
0.7,-35
0.7,-44
0.7,-51
0.7,-40
0.7,-69
0.7,-35
0.7,-37
0.7,-53
0.7,-40
0.7,-31
0.7,-49
0.7,-48
0.7,-36
0.7,-53
0.7,-39
0.7,-69
0.7,-46
0.7,-53
0.7,-31
0.7,-51
0.7,-34
0.7,-53
0.7,-40
0.7,-36
0.7,-53
0.7,-35
0.7,-35
0.7,-50
0.7,-52
0.7,-37
0.7,-55
0.7,-35
0.7,-38
0.7,-53
0.7,-34
0.7,-67
0.7,-39
0.7,-50
0.7,-49
0.7,-37
0.7,-53
0.7,-30
0.7,-38
0.7,-51
0.7,-39
0.7,-55
0.7,-42
0.7,-52
0.7,-68
0.7,-50
0.7,-47
0.7,-31
0.7,-39
0.7,-52
0.7,-35
0.7,-68
0.7,-31
0.7,-49
0.7,-47
0.7,-53
0.7,-30
0.7,-39
0.7,-36
0.7,-55
0.7,-36
0.7,-52
0.7,-40
0.7,-51
0.7,-37
0.7,-52
0.7,-31
0.7,-44
0.7,-53
0.7,-54
0.7,-34
0.7,-47
0.7,-49
0.7,-40
0.7,-30
0.7,-44
0.7,-53
0.7,-42
0.7,-54
0.7,-35
0.7,-42
0.7,-49
0.7,-67
0.7,-47
0.7,-54
0.7,-42
0.7,-52
0.7,-53
0.7,-40
0.7,-39
0.7,-50
0.7,-48
0.7,-69
0.7,-51
0.7,-53
0.7,-34
0.7,-31
0.7,-36
0.7,-52
0.7,-53
0.7,-40
0.7,-39
0.7,-49
0.7,-48
0.7,-42
0.7,-31
0.7,-39
0.7,-52
0.7,-53
0.7,-34
0.7,-40
0.7,-37
0.7,-48
0.7,-54
0.7,-35
0.7,-35
0.7,-44
0.7,-51
0.7,-67
0.7,-42
0.7,-30
0.7,-42
0.7,-53
0.7,-39
0.7,-50
0.7,-49
0.7,-53
0.7,-40
0.7,-30
0.7,-44
0.7,-69
0.7,-34
0.7,-31
0.7,-50
0.7,-48
0.7,-53
0.7,-35
0.7,-43
0.7,-52
0.7,-68
0.7,-36
0.7,-42
0.7,-52
0.7,-53
0.7,-39
0.7,-40
0.7,-45
0.7,-48
0.7,-54
0.7,-35
0.7,-41
0.7,-52
0.7,-66
0.7,-35
0.7,-49
0.7,-52
0.7,-53
0.7,-40
0.7,-31
0.7,-45
0.7,-54
0.7,-34
0.7,-31
0.7,-36
0.7,-53
0.8,-52
0.8,-52
0.8,-35
0.8,-35
0.8,-58
0.8,-53
0.8,-41
0.8,-60
0.8,-40
0.8,-56
0.8,-74
0.8,-38
0.8,-40
0.8,-62
0.8,-38
0.8,-54
0.8,-42
0.8,-43
0.8,-53
0.8,-53
0.8,-35
0.8,-58
0.8,-34
0.8,-50
0.8,-39
0.8,-54
0.8,-39
0.8,-51
0.8,-34
0.8,-55
0.8,-44
0.8,-52
0.8,-48
0.8,-35
0.8,-55
0.8,-36
0.8,-53
0.8,-54
0.8,-42
0.8,-55
0.8,-38
0.8,-49
0.8,-35
0.8,-56
0.8,-34
0.8,-58
0.8,-45
0.8,-55
0.8,-40
0.8,-40
0.8,-50
0.8,-35
0.8,-33
0.8,-55
0.8,-53
0.8,-45
0.8,-56
0.8,-54
0.8,-35
0.8,-58
0.8,-55
0.8,-36
0.8,-57
0.8,-50
0.8,-45
0.8,-63
0.8,-42
0.8,-51
0.8,-51
0.8,-34
0.8,-57
0.8,-34
0.8,-57
0.8,-40
0.8,-59
0.8,-57
0.8,-34
0.8,-52
0.8,-35
0.8,-51
0.8,-35
0.8,-54
0.8,-41
0.8,-54
0.8,-54
0.8,-35
0.8,-53
0.8,-38
0.8,-46
0.8,-51
0.8,-35
0.8,-60
0.8,-40
0.8,-56
0.8,-39
0.8,-53
0.8,-40
0.8,-56
0.8,-39
0.8,-54
0.8,-49
0.8,-42
0.8,-60
0.8,-51
0.8,-56
0.8,-34
0.8,-55
0.8,-42
0.8,-45
0.8,-40
0.8,-54
0.8,-35
0.8,-54
0.8,-60
0.8,-45
0.8,-55
0.8,-35
0.8,-50
0.8,-40
0.8,-57
0.8,-37
0.8,-47
0.8,-57
0.8,-41
0.8,-59
0.8,-34
0.8,-55
0.8,-55
0.8,-34
0.8,-54
0.8,-35
0.8,-50
0.8,-35
0.8,-54
0.8,-55
0.8,-56
0.8,-45
0.8,-55
0.8,-53
0.8,-51
0.8,-34
0.8,-53
0.8,-41
0.8,-48
0.8,-35
0.8,-60
0.8,-34
0.8,-53
0.8,-55
0.8,-43
0.8,-53
0.8,-36
0.8,-49
0.8,-50
0.8,-34
0.8,-55
0.8,-37
0.8,-58
0.8,-40
0.8,-54
0.8,-50
0.8,-40
0.8,-52
0.8,-50
0.8,-40
0.8,-59
0.8,-37
0.8,-54
0.8,-54
0.8,-44
0.8,-54
0.8,-35
0.8,-55
0.8,-48
0.8,-40
0.8,-55
0.8,-43
0.8,-56
0.8,-40
0.8,-39
0.8,-55
0.8,-47
0.8,-40
0.8,-54
0.8,-41
0.8,-48
0.8,-40
0.8,-57
0.8,-55
0.8,-53
0.8,-44
0.8,-54
0.8,-54
0.8,-50
0.8,-34
0.8,-56
0.8,-43
0.8,-50
0.8,-56
0.8,-44
0.8,-58
0.8,-35
0.8,-56
0.8,-54
0.8,-54
0.8,-40
0.8,-50
0.8,-51
0.8,-35
0.8,-58
0.8,-42
0.8,-55
0.8,-54
0.8,-44
0.8,-55
0.8,-40
0.8,-55
0.8,-54
0.8,-55
0.8,-38
0.8,-56
0.8,-40
0.8,-55
0.8,-56
0.8,-40
0.8,-50
0.8,-35
0.8,-57
0.8,-42
0.8,-56
0.8,-54
0.8,-35
0.8,-33
0.8,-50
0.8,-35
0.8,-42
0.8,-56
0.8,-54
0.8,-35
0.8,-54
0.8,-51
0.8,-35
0.8,-54
0.8,-42
0.8,-57
0.8,-39
0.8,-34
0.8,-56
0.8,-54
0.8,-40
0.8,-41
0.8,-50
0.8,-35
0.8,-59
0.8,-55
0.8,-58
0.8,-42
0.8,-54
0.8,-54
0.8,-54
0.8,-34
0.8,-54
0.8,-42
0.8,-50
0.8,-44
0.8,-58
0.8,-54
0.8,-34
0.8,-53
0.8,-41
0.8,-55
0.8,-51
0.8,-35
0.8,-55
0.8,-37
0.8,-58
0.8,-54
0.8,-57
0.8,-39
0.8,-55
0.8,-35
0.8,-55
0.8,-50
0.8,-55
0.8,-42
0.8,-59
0.8,-58
0.8,-53
0.8,-34
0.8,-53
0.8,-41
0.8,-47
0.8,-45
0.8,-55
0.8,-42
0.8,-59
0.8,-54
0.8,-40
0.8,-35
0.8,-54
0.8,-50
0.8,-35
0.8,-49
0.8,-57
0.8,-59
0.8,-53
0.8,-40
0.8,-53
0.8,-54
0.8,-50
0.8,-42
0.8,-58
0.8,-48
0.8,-55
0.8,-34
0.8,-34
0.8,-55
0.8,-51
0.8,-40
0.8,-55
0.8,-35
0.8,-47
0.8,-44
0.8,-59
0.8,-37
0.8,-59
0.8,-53
0.8,-34
0.8,-52
0.8,-34
0.8,-51
0.8,-35
0.8,-35
0.8,-59
0.8,-42
0.8,-53
0.8,-54
0.8,-35
0.8,-53
0.8,-52
0.8,-44
0.8,-54
0.8,-42
0.8,-55
0.8,-55
0.8,-40
0.8,-60
0.8,-49
0.8,-35
0.8,-53
0.8,-41
0.8,-60
0.8,-45
0.8,-54
0.8,-42
0.8,-54
0.8,-35
0.8,-52
0.8,-36
0.8,-45
0.8,-55
0.8,-43
0.8,-59
0.8,-58
0.8,-35
0.8,-52
0.8,-40
0.8,-52
0.8,-36
0.8,-51
0.8,-44
0.8,-55
0.8,-59
0.8,-34
0.8,-36
0.8,-55
0.8,-51
0.8,-42
0.8,-54
0.8,-43
0.8,-55
0.8,-60
0.8,-40
0.8,-40
0.8,-53
0.8,-56
0.8,-40
0.8,-52
0.8,-41
0.8,-51
0.8,-49
0.8,-44
0.8,-42
0.8,-54
0.8,-60
0.8,-41
0.8,-60
0.8,-40
0.8,-53
0.8,-52
0.8,-41
0.8,-59
0.8,-35
0.8,-55
0.8,-40
0.8,-52
0.8,-36
0.8,-50
0.8,-55
0.8,-43
0.8,-54
0.8,-55
0.8,-35
0.8,-58
0.8,-34
0.8,-50
0.8,-50
0.8,-44
0.8,-53
0.8,-36
0.8,-54
0.8,-56
0.8,-40
0.8,-55
0.8,-53
0.8,-50
0.8,-35
0.8,-35
0.8,-60
0.8,-34
0.8,-56
0.8,-54
0.8,-35
0.8,-59
0.8,-35
0.8,-53
0.8,-50
0.8,-42
0.8,-52
0.8,-36
0.8,-54
0.8,-39
0.8,-38
0.8,-53
0.8,-47
0.8,-35
0.8,-35
0.8,-49
0.8,-60
0.8,-56
0.8,-42
0.8,-53
0.8,-54
0.8,-35
0.8,-58
0.8,-35
0.8,-53
0.8,-50
0.8,-35
0.8,-53
0.8,-41
0.8,-50
0.8,-59
0.8,-42
0.8,-55
0.8,-42
0.8,-55
0.8,-39
0.8,-35
0.8,-51
0.8,-40
0.8,-52
0.8,-37
0.8,-55
0.8,-53
0.8,-55
0.8,-35
0.8,-53
0.8,-49
0.8,-34
0.8,-36
0.8,-54
0.8,-58
0.8,-40
0.8,-52
0.8,-42
0.8,-54
0.8,-55
0.8,-55
0.8,-39
0.8,-52
0.8,-58
0.8,-40
0.8,-42
0.8,-56
0.8,-42
0.8,-53
0.8,-41
0.8,-51
0.8,-48
0.9,-42
0.9,-34
0.9,-51
0.9,-48
0.9,-35
0.9,-54
0.9,-52
0.9,-64
0.9,-35
0.9,-50
0.9,-51
0.9,-63
0.9,-41
0.9,-56
0.9,-42
0.9,-49
0.9,-53
0.9,-55
0.9,-54
0.9,-34
0.9,-41
0.9,-50
0.9,-64
0.9,-35
0.9,-36
0.9,-48
0.9,-52
0.9,-40
0.9,-46
0.9,-64
0.9,-54
0.9,-35
0.9,-58
0.9,-50
0.9,-36
0.9,-51
0.9,-51
0.9,-58
0.9,-51
0.9,-40
0.9,-40
0.9,-49
0.9,-55
0.9,-50
0.9,-35
0.9,-41
0.9,-52
0.9,-57
0.9,-54
0.9,-41
0.9,-52
0.9,-53
0.9,-63
0.9,-55
0.9,-34
0.9,-36
0.9,-57
0.9,-64
0.9,-37
0.9,-53
0.9,-52
0.9,-58
0.9,-64
0.9,-36
0.9,-51
0.9,-61
0.9,-61
0.9,-37
0.9,-52
0.9,-56
0.9,-68
0.9,-41
0.9,-52
0.9,-54
0.9,-63
0.9,-35
0.9,-52
0.9,-55
0.9,-68
0.9,-42
0.9,-36
0.9,-51
0.9,-55
0.9,-35
0.9,-39
0.9,-34
0.9,-36
0.9,-52
0.9,-41
0.9,-53
0.9,-52
0.9,-34
0.9,-40
0.9,-51
0.9,-61
0.9,-37
0.9,-36
0.9,-50
0.9,-56
0.9,-55
0.9,-41
0.9,-54
0.9,-70
0.9,-35
0.9,-37
0.9,-50
0.9,-60
0.9,-52
0.9,-52
0.9,-55
0.9,-36
0.9,-51
0.9,-54
0.9,-64
0.9,-36
0.9,-53
0.9,-52
0.9,-57
0.9,-57
0.9,-36
0.9,-53
0.9,-55
0.9,-35
0.9,-51
0.9,-42
0.9,-52
0.9,-52
0.9,-56
0.9,-61
0.9,-35
0.9,-52
0.9,-62
0.9,-42
0.9,-53
0.9,-52
0.9,-56
0.9,-60
0.9,-36
0.9,-40
0.9,-55
0.9,-67
0.9,-35
0.9,-37
0.9,-52
0.9,-41
0.9,-59
0.9,-42
0.9,-53
0.9,-51
0.9,-56
0.9,-63
0.9,-36
0.9,-35
0.9,-52
0.9,-55
0.9,-60
0.9,-35
0.9,-50
0.9,-55
0.9,-59
0.9,-41
0.9,-35
0.9,-51
0.9,-57
0.9,-69
0.9,-35
0.9,-36
0.9,-52
0.9,-61
0.9,-37
0.9,-53
0.9,-52
0.9,-58
0.9,-58
0.9,-41
0.9,-55
0.9,-34
0.9,-36
0.9,-51
0.9,-59
0.9,-60
0.9,-37
0.9,-52
0.9,-52
0.9,-54
0.9,-71
0.9,-35
0.9,-52
0.9,-62
0.9,-37
0.9,-42
0.9,-51
0.9,-54
0.9,-62
0.9,-36
0.9,-51
0.9,-55
0.9,-71
0.9,-40
0.9,-53
0.9,-58
0.9,-42
0.9,-52
0.9,-51
0.9,-55
0.9,-73
0.9,-41
0.9,-51
0.9,-54
0.9,-58
0.9,-34
0.9,-37
0.9,-50
0.9,-35
0.9,-52
0.9,-53
0.9,-61
0.9,-34
0.9,-35
0.9,-50
0.9,-56
0.9,-59
0.9,-37
0.9,-52
0.9,-53
0.9,-70
0.9,-41
0.9,-34
0.9,-50
0.9,-57
0.9,-58
0.9,-40
0.9,-42
0.9,-52
0.9,-54
0.9,-36
0.9,-52
0.9,-52
0.9,-54
0.9,-61
0.9,-35
0.9,-36
0.9,-50
0.9,-59
0.9,-41
0.9,-52
0.9,-53
0.9,-72
0.9,-40
0.9,-53
0.9,-56
0.9,-59
0.9,-42
0.9,-36
0.9,-51
0.9,-69
0.9,-52
0.9,-34
0.9,-51
0.9,-57
0.9,-62
0.9,-35
0.9,-42
0.9,-51
0.9,-55
0.9,-52
0.9,-35
0.9,-52
0.9,-54
0.9,-72
0.9,-35
0.9,-52
0.9,-57
0.9,-60
0.9,-37
0.9,-40
0.9,-51
0.9,-54
0.9,-52
0.9,-40
0.9,-53
0.9,-42
0.9,-50
0.9,-54
0.9,-60
0.9,-42
0.9,-35
0.9,-54
0.9,-72
0.9,-52
0.9,-40
0.9,-51
0.9,-40
0.9,-36
0.9,-52
0.9,-54
0.9,-59
0.9,-36
0.9,-35
0.9,-53
0.9,-72
0.9,-43
0.9,-50
0.9,-57
0.9,-61
0.9,-35
0.9,-51
0.9,-54
0.9,-53
0.9,-37
0.9,-52
0.9,-57
0.9,-35
0.9,-35
0.9,-54
0.9,-58
0.9,-36
0.9,-34
0.9,-52
0.9,-71
0.9,-52
0.9,-37
0.9,-53
0.9,-57
0.9,-59
0.9,-35
0.9,-50
0.9,-54
0.9,-60
0.9,-37
0.9,-51
0.9,-53
0.9,-35
0.9,-53
0.9,-57
0.9,-58
0.9,-41
0.9,-34
0.9,-52
0.9,-54
0.9,-52
0.9,-37
0.9,-53
0.9,-53
0.9,-59
0.9,-35
0.9,-41
0.9,-52
0.9,-56
0.9,-58
0.9,-42
0.9,-40
0.9,-52
0.9,-69
0.9,-35
0.9,-51
0.9,-58
0.9,-36
0.9,-35
0.9,-52
0.9,-55
0.9,-57
0.9,-52
0.9,-42
0.9,-53
0.9,-54
0.9,-35
0.9,-41
0.9,-51
0.9,-58
0.9,-59
0.9,-40
0.9,-47
0.9,-66
0.9,-58
0.9,-36
0.9,-41
0.9,-53
0.9,-35
0.9,-53
0.9,-60
0.9,-36
0.9,-37
0.9,-51
0.9,-57
0.9,-59
0.9,-42
0.9,-41
0.9,-53
0.9,-54
0.9,-68
0.9,-52
0.9,-49
0.9,-58
0.9,-40
0.9,-36
0.9,-52
0.9,-54
0.9,-67
0.9,-52
0.9,-35
0.9,-53
0.9,-54
0.9,-59
0.9,-34
0.9,-37
0.9,-52
0.9,-58
0.9,-52
0.9,-55
0.9,-68
0.9,-52
0.9,-36
0.9,-51
0.9,-54
0.9,-58
0.9,-40
0.9,-36
0.9,-53
0.9,-56
0.9,-36
0.9,-36
0.9,-50
0.9,-52
0.9,-42
0.9,-53
0.9,-53
0.9,-58
0.9,-35
0.9,-56
0.9,-52
0.9,-67
0.9,-42
0.9,-36
0.9,-55
0.9,-52
0.9,-60
0.9,-51
0.9,-35
0.9,-57
0.9,-52
0.9,-41
0.9,-41
0.9,-54
0.9,-51
0.9,-60
0.9,-41
0.9,-42
0.9,-53
0.9,-58
0.9,-35
0.9,-57
0.9,-52
0.9,-42
0.9,-42
0.9,-52
0.9,-57
0.9,-51
0.9,-41
0.9,-54
0.9,-53
0.9,-59
0.9,-40
0.9,-56
0.9,-50
0.9,-58
0.9,-52
0.9,-40
0.9,-55
0.9,-59
0.9,-40
0.9,-57
0.9,-69
0.9,-42
0.9,-37
0.9,-55
0.9,-51
0.9,-36
0.9,-54
0.9,-41
0.9,-35
0.9,-57
0.9,-50
0.9,-72
0.9,-52
0.9,-37
0.9,-54
0.9,-52
0.9,-61
0.9,-40
0.9,-36
0.9,-56
0.9,-52
0.9,-71
0.9,-42
0.9,-36
0.9,-54
0.9,-50
0.9,-59
0.9,-54
1.0,-61
1.0,-55
1.0,-46
1.0,-44
1.0,-53
1.0,-52
1.0,-50
1.0,-45
1.0,-62
1.0,-61
1.0,-43
1.0,-46
1.0,-64
1.0,-44
1.0,-46
1.0,-50
1.0,-56
1.0,-39
1.0,-57
1.0,-68
1.0,-58
1.0,-52
1.0,-50
1.0,-54
1.0,-54
1.0,-50
1.0,-46
1.0,-46
1.0,-45
1.0,-60
1.0,-59
1.0,-49
1.0,-46
1.0,-50
1.0,-67
1.0,-56
1.0,-46
1.0,-54
1.0,-54
1.0,-61
1.0,-48
1.0,-56
1.0,-47
1.0,-59
1.0,-57
1.0,-37
1.0,-44
1.0,-50
1.0,-47
1.0,-48
1.0,-58
1.0,-57
1.0,-59
1.0,-48
1.0,-44
1.0,-62
1.0,-63
1.0,-49
1.0,-55
1.0,-61
1.0,-54
1.0,-45
1.0,-57
1.0,-62
1.0,-50
1.0,-59
1.0,-47
1.0,-45
1.0,-46
1.0,-67
1.0,-59
1.0,-49
1.0,-53
1.0,-49
1.0,-64
1.0,-64
1.0,-44
1.0,-45
1.0,-55
1.0,-58
1.0,-57
1.0,-52
1.0,-47
1.0,-61
1.0,-57
1.0,-73
1.0,-45
1.0,-43
1.0,-48
1.0,-51
1.0,-54
1.0,-52
1.0,-47
1.0,-57
1.0,-59
1.0,-49
1.0,-43
1.0,-53
1.0,-53
1.0,-69
1.0,-47
1.0,-48
1.0,-50
1.0,-60
1.0,-62
1.0,-46
1.0,-39
1.0,-58
1.0,-55
1.0,-44
1.0,-54
1.0,-63
1.0,-51
1.0,-52
1.0,-58
1.0,-59
1.0,-44
1.0,-47
1.0,-58
1.0,-59
1.0,-49
1.0,-53
1.0,-65
1.0,-58
1.0,-57
1.0,-51
1.0,-57
1.0,-52
1.0,-48
1.0,-58
1.0,-45
1.0,-56
1.0,-64
1.0,-70
1.0,-45
1.0,-47
1.0,-44
1.0,-54
1.0,-55
1.0,-50
1.0,-53
1.0,-50
1.0,-58
1.0,-46
1.0,-53
1.0,-71
1.0,-45
1.0,-46
1.0,-46
1.0,-56
1.0,-50
1.0,-71
1.0,-44
1.0,-55
1.0,-54
1.0,-59
1.0,-52
1.0,-46
1.0,-56
1.0,-57
1.0,-45
1.0,-50
1.0,-53
1.0,-46
1.0,-57
1.0,-56
1.0,-50
1.0,-52
1.0,-58
1.0,-44
1.0,-58
1.0,-60
1.0,-40
1.0,-47
1.0,-57
1.0,-58
1.0,-49
1.0,-52
1.0,-46
1.0,-44
1.0,-57
1.0,-58
1.0,-50
1.0,-51
1.0,-59
1.0,-59
1.0,-44
1.0,-45
1.0,-57
1.0,-54
1.0,-65
1.0,-43
1.0,-47
1.0,-46
1.0,-56
1.0,-49
1.0,-48
1.0,-49
1.0,-58
1.0,-67
1.0,-44
1.0,-57
1.0,-57
1.0,-57
1.0,-45
1.0,-52
1.0,-51
1.0,-56
1.0,-57
1.0,-44
1.0,-57
1.0,-51
1.0,-66
1.0,-47
1.0,-40
1.0,-47
1.0,-52
1.0,-50
1.0,-65
1.0,-44
1.0,-52
1.0,-58
1.0,-42
1.0,-52
1.0,-51
1.0,-58
1.0,-57
1.0,-59
1.0,-52
1.0,-69
1.0,-44
1.0,-40
1.0,-57
1.0,-41
1.0,-58
1.0,-48
1.0,-52
1.0,-56
1.0,-46
1.0,-48
1.0,-49
1.0,-58
1.0,-57
1.0,-48
1.0,-44
1.0,-58
1.0,-57
1.0,-69
1.0,-45
1.0,-56
1.0,-48
1.0,-50
1.0,-58
1.0,-58
1.0,-57
1.0,-51
1.0,-71
1.0,-47
1.0,-45
1.0,-52
1.0,-39
1.0,-48
1.0,-69
1.0,-43
1.0,-53
1.0,-56
1.0,-46
1.0,-50
1.0,-58
1.0,-48
1.0,-45
1.0,-56
1.0,-52
1.0,-68
1.0,-48
1.0,-48
1.0,-49
1.0,-58
1.0,-51
1.0,-56
1.0,-57
1.0,-70
1.0,-44
1.0,-43
1.0,-53
1.0,-48
1.0,-48
1.0,-57
1.0,-71
1.0,-46
1.0,-56
1.0,-53
1.0,-47
1.0,-49
1.0,-43
1.0,-59
1.0,-72
1.0,-52
1.0,-41
1.0,-56
1.0,-57
1.0,-49
1.0,-46
1.0,-46
1.0,-52
1.0,-57
1.0,-45
1.0,-56
1.0,-52
1.0,-70
1.0,-41
1.0,-45
1.0,-49
1.0,-49
1.0,-52
1.0,-67
1.0,-45
1.0,-54
1.0,-58
1.0,-57
1.0,-47
1.0,-49
1.0,-56
1.0,-40
1.0,-57
1.0,-53
1.0,-52
1.0,-70
1.0,-45
1.0,-45
1.0,-56
1.0,-48
1.0,-49
1.0,-71
1.0,-45
1.0,-57
1.0,-49
1.0,-57
1.0,-48
1.0,-52
1.0,-46
1.0,-56
1.0,-58
1.0,-53
1.0,-59
1.0,-44
1.0,-43
1.0,-57
1.0,-48
1.0,-56
1.0,-49
1.0,-49
1.0,-53
1.0,-72
1.0,-58
1.0,-55
1.0,-46
1.0,-59
1.0,-45
1.0,-49
1.0,-47
1.0,-57
1.0,-49
1.0,-52
1.0,-58
1.0,-48
1.0,-56
1.0,-49
1.0,-49
1.0,-53
1.0,-47
1.0,-71
1.0,-44
1.0,-54
1.0,-57
1.0,-51
1.0,-57
1.0,-45
1.0,-52
1.0,-56
1.0,-45
1.0,-54
1.0,-57
1.0,-51
1.0,-70
1.0,-40
1.0,-45
1.0,-57
1.0,-48
1.0,-56
1.0,-49
1.0,-50
1.0,-52
1.0,-46
1.0,-68
1.0,-43
1.0,-54
1.0,-56
1.0,-52
1.0,-57
1.0,-49
1.0,-45
1.0,-52
1.0,-57
1.0,-39
1.0,-54
1.0,-56
1.0,-48
1.0,-69
1.0,-45
1.0,-45
1.0,-52
1.0,-58
1.0,-47
1.0,-41
1.0,-47
1.0,-57
1.0,-39
1.0,-54
1.0,-57
1.0,-52
1.0,-70
1.0,-46
1.0,-46
1.0,-53
1.0,-47
1.0,-57
1.0,-57
1.0,-48
1.0,-58
1.0,-49
1.0,-53
1.0,-46
1.0,-58
1.0,-40
1.0,-57
1.0,-46
1.0,-70
1.0,-43
1.0,-50
1.0,-46
1.0,-40
1.0,-58
1.0,-54
1.0,-46
1.0,-40
1.0,-57
1.0,-45
1.0,-58
1.0,-49
1.0,-53
1.0,-50
1.0,-45
1.0,-57
1.0,-58
1.0,-46
1.0,-46
1.0,-57
1.0,-44
1.0,-52
1.0,-55
1.0,-46
1.0,-57
1.0,-58
1.0,-50
1.0,-45
1.0,-57
1.0,-55
1.0,-56
1.0,-51
1.0,-72
1.0,-46
1.0,-45
1.0,-59
1.0,-44
1.0,-49
1.0,-57
1.0,-47
1.0,-56
1.0,-44
1.0,-54
1.0,-58
1.0,-52
1.0,-59
1.0,-41
1.0,-52
1.0,-57
1.0,-46
1.0,-54
1.0,-57
1.0,-71
1.0,-43
1.0,-43
1.0,-58
1.0,-49
1.0,-57
1.0,-52
1.0,-48
1.0,-53
1.0,-56
